Workbook

Sheet S12 Session Log
A1: WRH MASTER CURRICULUM — SESSION 12 METRIC TRACKER
A2: Internal Behavioral Conflict Systems | S-Prefix Safety Metric Log | Capitol Contracts LLC | UEI: HH77KN5AV5X7
A3: Incident ID | B3: Date | C3: Cohort ID | D3: Session # | E3: Delivery Tier (1/2/3) | F3: Facilitator Tier | G3: S-ACT (1–5) | H3: S-REG (S/P/F) | I3: S-INT (V/R/SPI) | J3: S-OUT (Stab/HO/Exit) | K3: SPI Handoff? (Y/N) | L3: Clinical Staff Notified (Y/N) | M3: Incident Report Filed | N3: 7-Day Follow-Up | O3: Notes (De-identified) | P3: Auto-Flag
A4: =IF(B4="","",TEXT(B4,"YYYYMMDD")&"-"&TEXT(ROW()-3,"000")) | P4: =IF(OR(G4>=4,H4="F",I4="SPI"),IF(G4>=4,"⚠ HIGH ACTIVATION","")&IF(H4="F"," | RGP FAILED","")&IF(I4="SPI"," | SPI TRIGGERED",""),IF(B4<>"","✓ Normal",""))
A5: =IF(B5="","",TEXT(B5,"YYYYMMDD")&"-"&TEXT(ROW()-3,"000")) | P5: =IF(OR(G5>=4,H5="F",I5="SPI"),IF(G5>=4,"⚠ HIGH ACTIVATION","")&IF(H5="F"," | RGP FAILED","")&IF(I5="SPI"," | SPI TRIGGERED",""),IF(B5<>"","✓ Normal",""))
A6: =IF(B6="","",TEXT(B6,"YYYYMMDD")&"-"&TEXT(ROW()-3,"000")) | P6: =IF(OR(G6>=4,H6="F",I6="SPI"),IF(G6>=4,"⚠ HIGH ACTIVATION","")&IF(H6="F"," | RGP FAILED","")&IF(I6="SPI"," | SPI TRIGGERED",""),IF(B6<>"","✓ Normal",""))
A7: =IF(B7="","",TEXT(B7,"YYYYMMDD")&"-"&TEXT(ROW()-3,"000")) | P7: =IF(OR(G7>=4,H7="F",I7="SPI"),IF(G7>=4,"⚠ HIGH ACTIVATION","")&IF(H7="F"," | RGP FAILED","")&IF(I7="SPI"," | SPI TRIGGERED",""),IF(B7<>"","✓ Normal",""))
A8: =IF(B8="","",TEXT(B8,"YYYYMMDD")&"-"&TEXT(ROW()-3,"000")) | P8: =IF(OR(G8>=4,H8="F",I8="SPI"),IF(G8>=4,"⚠ HIGH ACTIVATION","")&IF(H8="F"," | RGP FAILED","")&IF(I8="SPI"," | SPI TRIGGERED",""),IF(B8<>"","✓ Normal",""))
A9: =IF(B9="","",TEXT(B9,"YYYYMMDD")&"-"&TEXT(ROW()-3,"000")) | P9: =IF(OR(G9>=4,H9="F",I9="SPI"),IF(G9>=4,"⚠ HIGH ACTIVATION","")&IF(H9="F"," | RGP FAILED","")&IF(I9="SPI"," | SPI TRIGGERED",""),IF(B9<>"","✓ Normal",""))
A10: =IF(B10="","",TEXT(B10,"YYYYMMDD")&"-"&TEXT(ROW()-3,"000")) | P10: =IF(OR(G10>=4,H10="F",I10="SPI"),IF(G10>=4,"⚠ HIGH ACTIVATION","")&IF(H10="F"," | RGP FAILED","")&IF(I10="SPI"," | SPI TRIGGERED",""),IF(B10<>"","✓ Normal",""))
A11: =IF(B11="","",TEXT(B11,"YYYYMMDD")&"-"&TEXT(ROW()-3,"000")) | P11: =IF(OR(G11>=4,H11="F",I11="SPI"),IF(G11>=4,"⚠ HIGH ACTIVATION","")&IF(H11="F"," | RGP FAILED","")&IF(I11="SPI"," | SPI TRIGGERED",""),IF(B11<>"","✓ Normal",""))
A12: =IF(B12="","",TEXT(B12,"YYYYMMDD")&"-"&TEXT(ROW()-3,"000")) | P12: =IF(OR(G12>=4,H12="F",I12="SPI"),IF(G12>=4,"⚠ HIGH ACTIVATION","")&IF(H12="F"," | RGP FAILED","")&IF(I12="SPI"," | SPI TRIGGERED",""),IF(B12<>"","✓ Normal",""))
A13: =IF(B13="","",TEXT(B13,"YYYYMMDD")&"-"&TEXT(ROW()-3,"000")) | P13: =IF(OR(G13>=4,H13="F",I13="SPI"),IF(G13>=4,"⚠ HIGH ACTIVATION","")&IF(H13="F"," | RGP FAILED","")&IF(I13="SPI"," | SPI TRIGGERED",""),IF(B13<>"","✓ Normal",""))
A14: =IF(B14="","",TEXT(B14,"YYYYMMDD")&"-"&TEXT(ROW()-3,"000")) | P14: =IF(OR(G14>=4,H14="F",I14="SPI"),IF(G14>=4,"⚠ HIGH ACTIVATION","")&IF(H14="F"," | RGP FAILED","")&IF(I14="SPI"," | SPI TRIGGERED",""),IF(B14<>"","✓ Normal",""))
A15: =IF(B15="","",TEXT(B15,"YYYYMMDD")&"-"&TEXT(ROW()-3,"000")) | P15: =IF(OR(G15>=4,H15="F",I15="SPI"),IF(G15>=4,"⚠ HIGH ACTIVATION","")&IF(H15="F"," | RGP FAILED","")&IF(I15="SPI"," | SPI TRIGGERED",""),IF(B15<>"","✓ Normal",""))
... A53: =IF(B53="","",TEXT(B53,"YYYYMMDD")&"-"&TEXT(ROW()-3,"000")) | P53: =IF(OR(G53>=4,H53="F",I53="SPI"),IF(G53>=4,"⚠ HIGH ACTIVATION","")&IF(H53="F"," | RGP FAILED","")&IF(I53="SPI"," | SPI TRIGGERED",""),IF(B53<>"","✓ Normal",""))

Sheet Dashboard
A1: SESSION 12 SAFETY DASHBOARD — AUTO-CALCULATED
A2: All metrics pull live from 'S12 Session Log' sheet
A4: Total Sessions Logged | C4: Total Incidents | E4: High Activation Events | G4: SPI Handoffs | I4: RGP Failures
A5: ='S12 Session Log'!B4 -> 0 | C5: =COUNTA('S12 Session Log'!B4:B53) -> 0 | E5: =COUNTIF('S12 Session Log'!G4:G53,">=4") -> 0 | G5: =COUNTIF('S12 Session Log'!I4:I53,"SPI") -> 0 | I5: =COUNTIF('S12 Session Log'!H4:H53,"F") -> 0
A6: from Session Log | C6: rows with date | E6: S-ACT ≥ 4 | G6: S-INT = SPI | I6: S-REG = F
A8: Avg S-ACT Level | C8: RGP Success Rate | E8: Clinical Notify Rate | G8: Follow-Up Completion | I8: Reports Filed Rate
A9: =IFERROR(AVERAGEIF('S12 Session Log'!G4:G53,">0"),0) -> 0 | C9: =IFERROR(COUNTIF('S12 Session Log'!H4:H53,"S")/COUNTA('S12 Session Log'!H4:H53),0) -> 0 | E9: =IFERROR(COUNTIF('S12 Session Log'!L4:L53,"Y")/COUNTA('S12 Session Log'!L4:L53),0) -> 0 | G9: =IFERROR(COUNTIF('S12 Session Log'!N4:N53,"Y")/COUNTA('S12 Session Log'!N4:N53),0) -> 0 | I9: =IFERROR(COUNTIF('S12 Session Log'!M4:M53,"Y")/COUNTA('S12 Session Log'!M4:M53),0) -> 0
A10: 0 = no data | C10: % = S / total | E10: % notified | G10: 7-day rate | I10: incident reports
A13: S-ACT ACTIVATION LEVEL DISTRIBUTION
A14: Level | B14: Description | C14: Count | D14: % of Total | E14: Risk Band
A15: 1 | B15: Baseline / No Activation | C15: =COUNTIF('S12 Session Log'!G$4:G$53,1) -> 0 | D15: =IFERROR(C15/SUM(C15:C19),0) -> 0 | E15: GREEN
A16: 2 | B16: Mild Activation | C16: =COUNTIF('S12 Session Log'!G$4:G$53,2) -> 0 | D16: =IFERROR(C16/SUM(C15:C19),0) -> 0 | E16: GREEN
A17: 3 | B17: Moderate Activation | C17: =COUNTIF('S12 Session Log'!G$4:G$53,3) -> 0 | D17: =IFERROR(C17/SUM(C15:C19),0) -> 0 | E17: AMBER
A18: 4 | B18: High Activation — HO-12.1 Trigger | C18: =COUNTIF('S12 Session Log'!G$4:G$53,4) -> 0 | D18: =IFERROR(C18/SUM(C15:C19),0) -> 0 | E18: RED
A19: 5 | B19: Crisis Level — Immediate SPI | C19: =COUNTIF('S12 Session Log'!G$4:G$53,5) -> 0 | D19: =IFERROR(C19/SUM(C15:C19),0) -> 0 | E19: RED
A20: TOTAL | C20: =SUM(C15:C19) -> 0 | D20: =SUM(D15:D19) -> 0

Sheet Pilot Master Template
A1: WRH MASTER CURRICULUM — PILOT PROGRAM METRIC TEMPLATE (Sessions 1–30)
A2: Use one row per session per cohort. Session 12 rows auto-link to S12 Session Log.
A3: Session # | B3: Session Name | C3: Date Delivered | D3: Cohort ID | E3: Facilitator | F3: Participants Attended | G3: Completion % | H3: Avg S-ACT (if applicable) | I3: Incidents Logged | J3: Workbook Submitted | K3: Slide Deck Used | L3: RGP Completed | M3: Notes
A4: 1 | B4: System Logic Orientation | G4: =IFERROR(F4/MAX(F4,1),0) -> 0
A5: 2 | B5: The Survival Mandate | G5: =IFERROR(F5/MAX(F5,1),0) -> 0
A6: 3 | B6: Nervous System Architecture | G6: =IFERROR(F6/MAX(F6,1),0) -> 0
A7: 4 | B7: Pattern Recognition Loop | G7: =IFERROR(F7/MAX(F7,1),0) -> 0
A8: 5 | B8: The Threat Matrix | G8: =IFERROR(F8/MAX(F8,1),0) -> 0
A9: 6 | B9: Freeze / Fight / Flight Mapping | G9: =IFERROR(F9/MAX(F9,1),0) -> 0
A10: 7 | B10: The Wiring Blueprint | G10: =IFERROR(F10/MAX(F10,1),0) -> 0
A11: 8 | B11: Chemical Messengers | G11: =IFERROR(F11/MAX(F11,1),0) -> 0
A12: 9 | B12: Pain as Data | G12: =IFERROR(F12/MAX(F12,1),0) -> 0
A13: 10 | B13: The Memory Loop | G13: =IFERROR(F13/MAX(F13,1),0) -> 0
A14: 11 | B14: Trigger Identification | G14: =IFERROR(F14/MAX(F14,1),0) -> 0
A15: 12 | B15: Internal Behavioral Conflict Systems | G15: =IFERROR(F15/MAX(F15,1),0) -> 0 | H15: =Dashboard!B9 -> 0 | I15: =Dashboard!C9 -> 0
A16: 13 | B16: The Override System | G16: =IFERROR(F16/MAX(F16,1),0) -> 0
A17: 14 | B17: Behavioral Contracts | G17: =IFERROR(F17/MAX(F17,1),0) -> 0
A18: 15 | B18: Identity Architecture | G18: =IFERROR(F18/MAX(F18,1),0) -> 0
A19: 16 | B19: Core Wound Mapping | G19: =IFERROR(F19/MAX(F19,1),0) -> 0
A20: 17 | B20: The Shame Spiral | G20: =IFERROR(F20/MAX(F20,1),0) -> 0
A21: 18 | B21: Emotional Regulation Framework | G21: =IFERROR(F21/MAX(F21,1),0) -> 0
A22: 19 | B22: The Mask Protocol | G22: =IFERROR(F22/MAX(F22,1),0) -> 0
A23: 20 | B23: Social Wiring | G23: =IFERROR(F23/MAX(F23,1),0) -> 0
A24: 21 | B24: Attachment Systems | G24: =IFERROR(F24/MAX(F24,1),0) -> 0
A25: 22 | B25: The Conflict Engine | G25: =IFERROR(F25/MAX(F25,1),0) -> 0
A26: 23 | B26: Recovery as Recalibration | G26: =IFERROR(F26/MAX(F26,1),0) -> 0
A27: 24 | B27: The Reset Protocol | G27: =IFERROR(F27/MAX(F27,1),0) -> 0
... A33: 30 | B33: Pilot Cohort Completion Review | G33: =IFERROR(F33/MAX(F33,1),0) -> 0
A35: ⚠ RED ROW = Session 12 (High Activation). Avg S-ACT and Incident count auto-pulled from 'S12 Session Log'. ● Blue cells = live formulas linked to Dashboard.

Sheet CSV Export Fields
A1: DE-IDENTIFIED CSV EXPORT STANDARD — Adverse Event Reporting
A2: Per WRH Crisis Package § 3.2 — Weekly export, all PII removed. For VA/DoD compliance reporting.
A3: Field Name | B3: Data Type | C3: Example Value | D3: Required? | E3: Notes
A4: incident_id | B4: String | C4: 20260117-001 | D4: YES | E4: Auto-generated. Date + sequential number.
A5: date | B5: Date | C5: 2026-01-17 | D5: YES | E5: ISO 8601 format. No participant-identifying dates.
A6: session_number | B6: Integer | C6: 12 | D6: YES | E6: WRH session number.
A7: delivery_tier | B7: Integer | C7: 2 | D7: YES | E7: 1=Community, 2=Structured, 3=Clinical.
A8: cohort_id | B8: String | C8: COHORT-007 | D8: YES | E8: De-identified cohort code, no names.
A9: s_act_level | B9: Integer | C9: 4 | D9: YES | E9: 1–5 scale. See S-Prefix Framework.
A10: s_reg_outcome | B10: String | C10: Partial | D10: YES | E10: Success | Partial | Fail
A11: s_int_type | B11: String | C11: SPI | D11: YES | E11: Verbal | RGP | SPI
A12: s_out_result | B12: String | C12: Handoff | D12: YES | E12: Stabilized | Handoff | Exit
A13: spi_handoff | B13: Boolean | C13: TRUE | D13: YES | E13: TRUE if SPI warm handoff occurred.
A14: clinical_notified | B14: Boolean | C14: TRUE | D14: COND | E14: Required if spi_handoff = TRUE.
... A19: export_date | B19: Date | C19: 2026-01-24 | D19: YES | E19: Date of weekly export.
